{"CategoryName":"Bootcamp","OverviewTemplatesDetails":[],"WidgetTemplates":[],"Definition":{"Identifier":"790a791f-4691-41fe-b25a-b2ce3d6d9a97","IsEnable":false,"Version":1.0,"IsArchived":false,"IsAutomatic":true,"Name":"Login From Outside Of Business Hours","Category":8,"Description":"","Priority":2,"Creator":"c20ae667-d996-4df9-9f63-1739fae9fdfe","VersionCreator":null,"VersionComment":null,"OriginalWorkflowIdentifier":"790a791f-4691-41fe-b25a-b2ce3d6d9a97","TemplateName":null,"PlaybookType":0,"IsDebugMode":false,"DebugBaseAlertIdentifier":null,"DebugAlertIdentifier":null,"SimulationClone":false,"DefaultAccessLevel":2,"CreationSource":1,"Steps":[{"Identifier":"5694039b-b00d-4cab-b8e8-1cdecf093e12","OriginalStepIdentifier":"5694039b-b00d-4cab-b8e8-1cdecf093e12","ParentWorkflowIdentifier":"790a791f-4691-41fe-b25a-b2ce3d6d9a97","ParentStepIdentifiers":["8b4a107e-e7bd-4d8a-ad14-cc44a1eed9f7"],"ParentStepIdentifier":"8b4a107e-e7bd-4d8a-ad14-cc44a1eed9f7","PreviousResultCondition":"{\n  \"8b4a107e-e7bd-4d8a-ad14-cc44a1eed9f7\": \"2\"\n}","InstanceName":"Siemplify_Instruction_2","IsAutomatic":true,"Name":"Siemplify_Instruction","IsSkippable":false,"Description":"Set an instruction for the analyst","ActionProvider":"Scripts","ActionName":"Siemplify_Instruction","Type":0,"Integration":"Siemplify","Parameters":[{"ParentStepIdentifier":"5694039b-b00d-4cab-b8e8-1cdecf093e12","ParentWorkflowIdentifier":"790a791f-4691-41fe-b25a-b2ce3d6d9a97","Name":"AssignedUsers","Value":null},{"ParentStepIdentifier":"5694039b-b00d-4cab-b8e8-1cdecf093e12","ParentWorkflowIdentifier":"790a791f-4691-41fe-b25a-b2ce3d6d9a97","Name":"DynamicInjectionInstancePlaceholder","Value":""},{"ParentStepIdentifier":"5694039b-b00d-4cab-b8e8-1cdecf093e12","ParentWorkflowIdentifier":"790a791f-4691-41fe-b25a-b2ce3d6d9a97","Name":"FallbackIntegrationInstance","Value":null},{"ParentStepIdentifier":"5694039b-b00d-4cab-b8e8-1cdecf093e12","ParentWorkflowIdentifier":"790a791f-4691-41fe-b25a-b2ce3d6d9a97","Name":"FetchInstanceByName","Value":"false"},{"ParentStepIdentifier":"5694039b-b00d-4cab-b8e8-1cdecf093e12","ParentWorkflowIdentifier":"790a791f-4691-41fe-b25a-b2ce3d6d9a97","Name":"HasApprovalLink","Value":null},{"ParentStepIdentifier":"5694039b-b00d-4cab-b8e8-1cdecf093e12","ParentWorkflowIdentifier":"790a791f-4691-41fe-b25a-b2ce3d6d9a97","Name":"IntegrationInstance","Value":"f8ca163b-8861-45b0-973b-40f105bd7d4a"},{"ParentStepIdentifier":"5694039b-b00d-4cab-b8e8-1cdecf093e12","ParentWorkflowIdentifier":"790a791f-4691-41fe-b25a-b2ce3d6d9a97","Name":"MessageToAssignee","Value":null},{"ParentStepIdentifier":"5694039b-b00d-4cab-b8e8-1cdecf093e12","ParentWorkflowIdentifier":"790a791f-4691-41fe-b25a-b2ce3d6d9a97","Name":"PendingActionTimeout","Value":null},{"ParentStepIdentifier":"5694039b-b00d-4cab-b8e8-1cdecf093e12","ParentWorkflowIdentifier":"790a791f-4691-41fe-b25a-b2ce3d6d9a97","Name":"RetryConfiguration","Value":"{\"Enabled\":false,\"IntervalInSeconds\":30,\"NumberOfRetries\":1}"},{"ParentStepIdentifier":"5694039b-b00d-4cab-b8e8-1cdecf093e12","ParentWorkflowIdentifier":"790a791f-4691-41fe-b25a-b2ce3d6d9a97","Name":"ScriptName","Value":"Siemplify_Instruction"},{"ParentStepIdentifier":"5694039b-b00d-4cab-b8e8-1cdecf093e12","ParentWorkflowIdentifier":"790a791f-4691-41fe-b25a-b2ce3d6d9a97","Name":"ScriptParametersEntityFields","Value":"{\"Instruction\":\"Close Case and Tag as False Positive\"}"},{"ParentStepIdentifier":"5694039b-b00d-4cab-b8e8-1cdecf093e12","ParentWorkflowIdentifier":"790a791f-4691-41fe-b25a-b2ce3d6d9a97","Name":"SelectedScopeName","Value":"All entities"},{"ParentStepIdentifier":"5694039b-b00d-4cab-b8e8-1cdecf093e12","ParentWorkflowIdentifier":"790a791f-4691-41fe-b25a-b2ce3d6d9a97","Name":"UseEntitiesLoopScope","Value":null}],"AutoSkipOnFailure":false,"IsDebugMockData":false,"StepDebugData":null,"ParentStepContainerId":null,"IsTouchedByAi":false,"StartLoopStepIdentifier":null,"ParallelActions":[]},{"Identifier":"719795b3-0fcc-46dc-8ed6-ec6fb746bcf4","OriginalStepIdentifier":"719795b3-0fcc-46dc-8ed6-ec6fb746bcf4","ParentWorkflowIdentifier":"790a791f-4691-41fe-b25a-b2ce3d6d9a97","ParentStepIdentifiers":[],"ParentStepIdentifier":"","PreviousResultCondition":null,"InstanceName":"Siemplify_Change Case Stage_1","IsAutomatic":true,"Name":"Siemplify_Change Case Stage","IsSkippable":false,"Description":"Change case stage to handling","ActionProvider":"Scripts","ActionName":"Siemplify_Change Case Stage","Type":0,"Integration":"Siemplify","Parameters":[{"ParentStepIdentifier":"719795b3-0fcc-46dc-8ed6-ec6fb746bcf4","ParentWorkflowIdentifier":"790a791f-4691-41fe-b25a-b2ce3d6d9a97","Name":"AssignedUsers","Value":null},{"ParentStepIdentifier":"719795b3-0fcc-46dc-8ed6-ec6fb746bcf4","ParentWorkflowIdentifier":"790a791f-4691-41fe-b25a-b2ce3d6d9a97","Name":"DynamicInjectionInstancePlaceholder","Value":""},{"ParentStepIdentifier":"719795b3-0fcc-46dc-8ed6-ec6fb746bcf4","ParentWorkflowIdentifier":"790a791f-4691-41fe-b25a-b2ce3d6d9a97","Name":"FallbackIntegrationInstance","Value":null},{"ParentStepIdentifier":"719795b3-0fcc-46dc-8ed6-ec6fb746bcf4","ParentWorkflowIdentifier":"790a791f-4691-41fe-b25a-b2ce3d6d9a97","Name":"FetchInstanceByName","Value":"false"},{"ParentStepIdentifier":"719795b3-0fcc-46dc-8ed6-ec6fb746bcf4","ParentWorkflowIdentifier":"790a791f-4691-41fe-b25a-b2ce3d6d9a97","Name":"HasApprovalLink","Value":null},{"ParentStepIdentifier":"719795b3-0fcc-46dc-8ed6-ec6fb746bcf4","ParentWorkflowIdentifier":"790a791f-4691-41fe-b25a-b2ce3d6d9a97","Name":"IntegrationInstance","Value":"f8ca163b-8861-45b0-973b-40f105bd7d4a"},{"ParentStepIdentifier":"719795b3-0fcc-46dc-8ed6-ec6fb746bcf4","ParentWorkflowIdentifier":"790a791f-4691-41fe-b25a-b2ce3d6d9a97","Name":"MessageToAssignee","Value":null},{"ParentStepIdentifier":"719795b3-0fcc-46dc-8ed6-ec6fb746bcf4","ParentWorkflowIdentifier":"790a791f-4691-41fe-b25a-b2ce3d6d9a97","Name":"PendingActionTimeout","Value":null},{"ParentStepIdentifier":"719795b3-0fcc-46dc-8ed6-ec6fb746bcf4","ParentWorkflowIdentifier":"790a791f-4691-41fe-b25a-b2ce3d6d9a97","Name":"RetryConfiguration","Value":"{\"Enabled\":false,\"IntervalInSeconds\":30,\"NumberOfRetries\":1}"},{"ParentStepIdentifier":"719795b3-0fcc-46dc-8ed6-ec6fb746bcf4","ParentWorkflowIdentifier":"790a791f-4691-41fe-b25a-b2ce3d6d9a97","Name":"ScriptName","Value":"Siemplify_Change Case Stage"},{"ParentStepIdentifier":"719795b3-0fcc-46dc-8ed6-ec6fb746bcf4","ParentWorkflowIdentifier":"790a791f-4691-41fe-b25a-b2ce3d6d9a97","Name":"ScriptParametersEntityFields","Value":"{\"Stage\":\"Triage\"}"},{"ParentStepIdentifier":"719795b3-0fcc-46dc-8ed6-ec6fb746bcf4","ParentWorkflowIdentifier":"790a791f-4691-41fe-b25a-b2ce3d6d9a97","Name":"SelectedScopeName","Value":"All entities"},{"ParentStepIdentifier":"719795b3-0fcc-46dc-8ed6-ec6fb746bcf4","ParentWorkflowIdentifier":"790a791f-4691-41fe-b25a-b2ce3d6d9a97","Name":"UseEntitiesLoopScope","Value":null}],"AutoSkipOnFailure":false,"IsDebugMockData":false,"StepDebugData":null,"ParentStepContainerId":null,"IsTouchedByAi":false,"StartLoopStepIdentifier":null,"ParallelActions":[]},{"Identifier":"8b4a107e-e7bd-4d8a-ad14-cc44a1eed9f7","OriginalStepIdentifier":"8b4a107e-e7bd-4d8a-ad14-cc44a1eed9f7","ParentWorkflowIdentifier":"790a791f-4691-41fe-b25a-b2ce3d6d9a97","ParentStepIdentifiers":["719795b3-0fcc-46dc-8ed6-ec6fb746bcf4"],"ParentStepIdentifier":"719795b3-0fcc-46dc-8ed6-ec6fb746bcf4","PreviousResultCondition":"{}","InstanceName":"Condition_1","IsAutomatic":true,"Name":"Condition","IsSkippable":false,"Description":"This condition determines the progress of the playbook. Conditions are built based on cases data (cases, alerts, vents, entities and environment properties) as-well as data that comes back from previous playbook steps.","ActionProvider":"Flow","ActionName":"IfFlowCondition","Type":4,"Integration":"Flow","Parameters":[{"ParentStepIdentifier":"8b4a107e-e7bd-4d8a-ad14-cc44a1eed9f7","ParentWorkflowIdentifier":"790a791f-4691-41fe-b25a-b2ce3d6d9a97","Name":"AssignedUsers","Value":null},{"ParentStepIdentifier":"8b4a107e-e7bd-4d8a-ad14-cc44a1eed9f7","ParentWorkflowIdentifier":"790a791f-4691-41fe-b25a-b2ce3d6d9a97","Name":"Branches","Value":"[{\"LogicalOperator\":0,\"Conditions\":[{\"Operator\":5,\"FieldName\":\"[Event.principal_location]\",\"Type\":7,\"Value\":\"[Event.login_location]\",\"CustomOperatorName\":null}],\"Order\":1,\"IsDefaultBranch\":false,\"Name\":\"Check User Location\"},{\"LogicalOperator\":0,\"Conditions\":[],\"Order\":2,\"IsDefaultBranch\":true,\"Name\":\"Branch\"}]"},{"ParentStepIdentifier":"8b4a107e-e7bd-4d8a-ad14-cc44a1eed9f7","ParentWorkflowIdentifier":"790a791f-4691-41fe-b25a-b2ce3d6d9a97","Name":"ErrorFallbackBranch","Value":null},{"ParentStepIdentifier":"8b4a107e-e7bd-4d8a-ad14-cc44a1eed9f7","ParentWorkflowIdentifier":"790a791f-4691-41fe-b25a-b2ce3d6d9a97","Name":"HasApprovalLink","Value":null},{"ParentStepIdentifier":"8b4a107e-e7bd-4d8a-ad14-cc44a1eed9f7","ParentWorkflowIdentifier":"790a791f-4691-41fe-b25a-b2ce3d6d9a97","Name":"MessageToAssignee","Value":null},{"ParentStepIdentifier":"8b4a107e-e7bd-4d8a-ad14-cc44a1eed9f7","ParentWorkflowIdentifier":"790a791f-4691-41fe-b25a-b2ce3d6d9a97","Name":"PendingActionTimeout","Value":null},{"ParentStepIdentifier":"8b4a107e-e7bd-4d8a-ad14-cc44a1eed9f7","ParentWorkflowIdentifier":"790a791f-4691-41fe-b25a-b2ce3d6d9a97","Name":"SelectedScopeName","Value":"All entities"},{"ParentStepIdentifier":"8b4a107e-e7bd-4d8a-ad14-cc44a1eed9f7","ParentWorkflowIdentifier":"790a791f-4691-41fe-b25a-b2ce3d6d9a97","Name":"UseEntitiesLoopScope","Value":"true"}],"AutoSkipOnFailure":false,"IsDebugMockData":false,"StepDebugData":null,"ParentStepContainerId":null,"IsTouchedByAi":false,"StartLoopStepIdentifier":null,"ParallelActions":[]},{"Identifier":"e968a78d-50b5-4cd8-bf79-ac361d054d6b","OriginalStepIdentifier":"e968a78d-50b5-4cd8-bf79-ac361d054d6b","ParentWorkflowIdentifier":"790a791f-4691-41fe-b25a-b2ce3d6d9a97","ParentStepIdentifiers":["8b4a107e-e7bd-4d8a-ad14-cc44a1eed9f7"],"ParentStepIdentifier":"8b4a107e-e7bd-4d8a-ad14-cc44a1eed9f7","PreviousResultCondition":"{\n  \"8b4a107e-e7bd-4d8a-ad14-cc44a1eed9f7\": \"1\"\n}","InstanceName":"Siemplify_Instruction_1","IsAutomatic":true,"Name":"Siemplify_Instruction","IsSkippable":false,"Description":"Set an instruction for the analyst","ActionProvider":"Scripts","ActionName":"Siemplify_Instruction","Type":0,"Integration":"Siemplify","Parameters":[{"ParentStepIdentifier":"e968a78d-50b5-4cd8-bf79-ac361d054d6b","ParentWorkflowIdentifier":"790a791f-4691-41fe-b25a-b2ce3d6d9a97","Name":"AssignedUsers","Value":null},{"ParentStepIdentifier":"e968a78d-50b5-4cd8-bf79-ac361d054d6b","ParentWorkflowIdentifier":"790a791f-4691-41fe-b25a-b2ce3d6d9a97","Name":"DynamicInjectionInstancePlaceholder","Value":""},{"ParentStepIdentifier":"e968a78d-50b5-4cd8-bf79-ac361d054d6b","ParentWorkflowIdentifier":"790a791f-4691-41fe-b25a-b2ce3d6d9a97","Name":"FallbackIntegrationInstance","Value":null},{"ParentStepIdentifier":"e968a78d-50b5-4cd8-bf79-ac361d054d6b","ParentWorkflowIdentifier":"790a791f-4691-41fe-b25a-b2ce3d6d9a97","Name":"FetchInstanceByName","Value":"false"},{"ParentStepIdentifier":"e968a78d-50b5-4cd8-bf79-ac361d054d6b","ParentWorkflowIdentifier":"790a791f-4691-41fe-b25a-b2ce3d6d9a97","Name":"HasApprovalLink","Value":null},{"ParentStepIdentifier":"e968a78d-50b5-4cd8-bf79-ac361d054d6b","ParentWorkflowIdentifier":"790a791f-4691-41fe-b25a-b2ce3d6d9a97","Name":"IntegrationInstance","Value":"f8ca163b-8861-45b0-973b-40f105bd7d4a"},{"ParentStepIdentifier":"e968a78d-50b5-4cd8-bf79-ac361d054d6b","ParentWorkflowIdentifier":"790a791f-4691-41fe-b25a-b2ce3d6d9a97","Name":"MessageToAssignee","Value":null},{"ParentStepIdentifier":"e968a78d-50b5-4cd8-bf79-ac361d054d6b","ParentWorkflowIdentifier":"790a791f-4691-41fe-b25a-b2ce3d6d9a97","Name":"PendingActionTimeout","Value":null},{"ParentStepIdentifier":"e968a78d-50b5-4cd8-bf79-ac361d054d6b","ParentWorkflowIdentifier":"790a791f-4691-41fe-b25a-b2ce3d6d9a97","Name":"RetryConfiguration","Value":"{\"Enabled\":false,\"IntervalInSeconds\":30,\"NumberOfRetries\":1}"},{"ParentStepIdentifier":"e968a78d-50b5-4cd8-bf79-ac361d054d6b","ParentWorkflowIdentifier":"790a791f-4691-41fe-b25a-b2ce3d6d9a97","Name":"ScriptName","Value":"Siemplify_Instruction"},{"ParentStepIdentifier":"e968a78d-50b5-4cd8-bf79-ac361d054d6b","ParentWorkflowIdentifier":"790a791f-4691-41fe-b25a-b2ce3d6d9a97","Name":"ScriptParametersEntityFields","Value":"{\"Instruction\":\"Increase Priority to High and assign to @Tier 2\"}"},{"ParentStepIdentifier":"e968a78d-50b5-4cd8-bf79-ac361d054d6b","ParentWorkflowIdentifier":"790a791f-4691-41fe-b25a-b2ce3d6d9a97","Name":"SelectedScopeName","Value":"All entities"},{"ParentStepIdentifier":"e968a78d-50b5-4cd8-bf79-ac361d054d6b","ParentWorkflowIdentifier":"790a791f-4691-41fe-b25a-b2ce3d6d9a97","Name":"UseEntitiesLoopScope","Value":null}],"AutoSkipOnFailure":false,"IsDebugMockData":false,"StepDebugData":null,"ParentStepContainerId":null,"IsTouchedByAi":false,"StartLoopStepIdentifier":null,"ParallelActions":[]}],"Triggers":[{"Identifier":"16ee7edd-bb88-4da4-a9f4-ffcf970da9df","IsEnabled":false,"DefinitionIdentifier":"790a791f-4691-41fe-b25a-b2ce3d6d9a97","Type":2,"WorkflowName":null,"LogicalOperator":0,"Conditions":[{"FieldName":"","MatchType":0,"Value":"Login From Outside Of Business Hours","CustomOperatorName":null}],"Environments":["Bootcamp2025"]}],"OverviewTemplates":[],"Permissions":[],"Environments":["Bootcamp2025"]}}